insert into movie(title, screening_datetime) values('Ostatnia paróweczka hrabiega','2020-01-10 11:35:00');
insert into movie(title, screening_datetime) values('Ostatnia paróweczka hrabiega','2020-01-15 11:15:00');
insert into movie(title, screening_datetime) values('Ostatnia paróweczka hrabiega','2020-01-17 12:45:00');
insert into movie(title, screening_datetime) values('Mały ołówek','2020-01-12 20:45:00');
insert into movie(title, screening_datetime) values('Mały ołówek','2020-02-15 20:15:00');
insert into movie(title, screening_datetime) values('Mały ołówek','2020-01-25 18:45:00');
insert into movie(title, screening_datetime) values('Wielbłąd','2020-01-15 16:10:00');
insert into movie(title, screening_datetime) values('Wielbłąd','2020-01-20 07:45:00');
insert into movie(title, screening_datetime) values('Wielbłąd','2020-01-16 18:05:00');
insert into movie_room(movie_id, room_id) values (1,1);
insert into movie_room(movie_id, room_id) values (2,2);
insert into movie_room(movie_id, room_id) values (3,3);
insert into movie_room(movie_id, room_id) values (4,1);
insert into movie_room(movie_id, room_id) values (5,2);
insert into movie_room(movie_id, room_id) values (6,3);
insert into movie_room(movie_id, room_id) values (7,1);
insert into movie_room(movie_id, room_id) values (8,2);
insert into movie_room(movie_id, room_id) values (9,3);
insert into ticket_price(type,price) values ('adult',25);
insert into ticket_price(type,price) values ('student',18);
insert into ticket_price(type,price) values ('child',12.50);
insert into room_row_seat(room,`row`,seat) values (1,1,1);
insert into room_row_seat(room,`row`,seat) values (1,1,2);
insert into room_row_seat(room,`row`,seat) values (1,1,3);
insert into room_row_seat(room,`row`,seat) values (1,1,4);
insert into room_row_seat(room,`row`,seat) values (1,1,5);
insert into room_row_seat(room,`row`,seat) values (1,2,1);
insert into room_row_seat(room,`row`,seat) values (1,2,2);
insert into room_row_seat(room,`row`,seat) values (1,2,3);
insert into room_row_seat(room,`row`,seat) values (1,2,4);
insert into room_row_seat(room,`row`,seat) values (1,2,5);
insert into room_row_seat(room,`row`,seat) values (1,3,1);
insert into room_row_seat(room,`row`,seat) values (1,3,2);
insert into room_row_seat(room,`row`,seat) values (1,3,3);
insert into room_row_seat(room,`row`,seat) values (1,3,4);
insert into room_row_seat(room,`row`,seat) values (1,3,5);
insert into room_row_seat(room,`row`,seat) values (2,1,1);
insert into room_row_seat(room,`row`,seat) values (2,1,2);
insert into room_row_seat(room,`row`,seat) values (2,2,1);
insert into room_row_seat(room,`row`,seat) values (2,2,2);
insert into room_row_seat(room,`row`,seat) values (2,3,1);
insert into room_row_seat(room,`row`,seat) values (2,3,2);
insert into room_row_seat(room,`row`,seat) values (3,1,1);
insert into room_row_seat(room,`row`,seat) values (3,1,2);
insert into room_row_seat(room,`row`,seat) values (3,2,1);
insert into room_row_seat(room,`row`,seat) values (3,2,2);
insert into room_row_seat(room,`row`,seat) values (3,3,1);
insert into room_row_seat(room,`row`,seat) values (3,3,2);
insert into reservation(movie_room_id,room_row_seat_id,name,surname,ticket_price_id,status) values(1,1,'Zenek','Kapusta',1,'PAID');
insert into reservation(movie_room_id,room_row_seat_id,status) values(1,2,'NEW');
insert into reservation(movie_room_id,room_row_seat_id,status) values(1,3,'NEW');
insert into reservation(movie_room_id,room_row_seat_id,status) values(1,4,'NEW');
insert into reservation(movie_room_id,room_row_seat_id,status) values(1,5,'NEW');
insert into reservation(movie_room_id,room_row_seat_id,status) values(1,6,'NEW');
insert into reservation(movie_room_id,room_row_seat_id,status) values(1,7,'NEW');
insert into reservation(movie_room_id,room_row_seat_id,status) values(1,8,'NEW');
insert into reservation(movie_room_id,room_row_seat_id,status) values(1,9,'NEW');
insert into reservation(movie_room_id,room_row_seat_id,status) values(1,10,'NEW');
insert into reservation(movie_room_id,room_row_seat_id,status) values(1,11,'NEW');
insert into reservation(movie_room_id,room_row_seat_id,status) values(1,12,'NEW');
insert into reservation(movie_room_id,room_row_seat_id,status) values(1,13,'NEW');
insert into reservation(movie_room_id,room_row_seat_id,status) values(1,14,'NEW');
insert into reservation(movie_room_id,room_row_seat_id,status) values(1,15,'NEW');
insert into reservation(movie_room_id,room_row_seat_id,status) values(2,16,'NEW');
insert into reservation(movie_room_id,room_row_seat_id,status) values(2,17,'NEW');
insert into reservation(movie_room_id,room_row_seat_id,status) values(2,18,'NEW');
insert into reservation(movie_room_id,room_row_seat_id,status) values(2,19,'NEW');
insert into reservation(movie_room_id,room_row_seat_id,status) values(2,20,'NEW');
insert into reservation(movie_room_id,room_row_seat_id,status) values(2,21,'NEW');
insert into reservation(movie_room_id,room_row_seat_id,status) values(3,22,'NEW');
insert into reservation(movie_room_id,room_row_seat_id,status) values(3,23,'NEW');
insert into reservation(movie_room_id,room_row_seat_id,status) values(3,24,'NEW');
insert into reservation(movie_room_id,room_row_seat_id,status) values(3,25,'NEW');
insert into reservation(movie_room_id,room_row_seat_id,status) values(3,26,'NEW');
insert into reservation(movie_room_id,room_row_seat_id,status) values(3,27,'NEW');
insert into reservation(movie_room_id,room_row_seat_id,status) values(4,1,'NEW');
insert into reservation(movie_room_id,room_row_seat_id,status) values(4,2,'NEW');
insert into reservation(movie_room_id,room_row_seat_id,status) values(4,3,'NEW');
insert into reservation(movie_room_id,room_row_seat_id,status) values(4,4,'NEW');
insert into reservation(movie_room_id,room_row_seat_id,status) values(4,5,'NEW');
insert into reservation(movie_room_id,room_row_seat_id,status) values(4,6,'NEW');
insert into reservation(movie_room_id,room_row_seat_id,status) values(4,7,'NEW');
insert into reservation(movie_room_id,room_row_seat_id,status) values(4,8,'NEW');
insert into reservation(movie_room_id,room_row_seat_id,status) values(4,9,'NEW');
insert into reservation(movie_room_id,room_row_seat_id,status) values(4,10,'NEW');
insert into reservation(movie_room_id,room_row_seat_id,status) values(4,11,'NEW');
insert into reservation(movie_room_id,room_row_seat_id,status) values(4,12,'NEW');
insert into reservation(movie_room_id,room_row_seat_id,status) values(4,13,'NEW');
insert into reservation(movie_room_id,room_row_seat_id,status) values(4,14,'NEW');
insert into reservation(movie_room_id,room_row_seat_id,status) values(4,15,'NEW');
insert into reservation(movie_room_id,room_row_seat_id,status) values(5,16,'NEW');
insert into reservation(movie_room_id,room_row_seat_id,status) values(5,17,'NEW');
insert into reservation(movie_room_id,room_row_seat_id,status) values(5,18,'NEW');
insert into reservation(movie_room_id,room_row_seat_id,status) values(5,19,'NEW');
insert into reservation(movie_room_id,room_row_seat_id,status) values(5,20,'NEW');
insert into reservation(movie_room_id,room_row_seat_id,status) values(5,21,'NEW');
insert into reservation(movie_room_id,room_row_seat_id,status) values(6,22,'NEW');
insert into reservation(movie_room_id,room_row_seat_id,status) values(6,23,'NEW');
insert into reservation(movie_room_id,room_row_seat_id,status) values(6,24,'NEW');
insert into reservation(movie_room_id,room_row_seat_id,status) values(6,25,'NEW');
insert into reservation(movie_room_id,room_row_seat_id,status) values(6,26,'NEW');
insert into reservation(movie_room_id,room_row_seat_id,status) values(6,27,'NEW');
insert into reservation(movie_room_id,room_row_seat_id,name,surname,ticket_price_id,status) values(7 ,1,'Mirek','Warzywko',2,'RESERVED');
insert into reservation(movie_room_id,room_row_seat_id,status) values(7,2,'NEW');
insert into reservation(movie_room_id,room_row_seat_id,status) values(7,3,'NEW');
insert into reservation(movie_room_id,room_row_seat_id,status) values(7,4,'NEW');
insert into reservation(movie_room_id,room_row_seat_id,status) values(7,5,'NEW');
insert into reservation(movie_room_id,room_row_seat_id,status) values(7,6,'NEW');
insert into reservation(movie_room_id,room_row_seat_id,status) values(7,7,'NEW');
insert into reservation(movie_room_id,room_row_seat_id,status) values(7,8,'NEW');
insert into reservation(movie_room_id,room_row_seat_id,status) values(7,9,'NEW');
insert into reservation(movie_room_id,room_row_seat_id,status) values(7,10,'NEW');
insert into reservation(movie_room_id,room_row_seat_id,status) values(7,11,'NEW');
insert into reservation(movie_room_id,room_row_seat_id,status) values(7,12,'NEW');
insert into reservation(movie_room_id,room_row_seat_id,status) values(7,13,'NEW');
insert into reservation(movie_room_id,room_row_seat_id,status) values(7,14,'NEW');
insert into reservation(movie_room_id,room_row_seat_id,status) values(7,15,'NEW');
insert into reservation(movie_room_id,room_row_seat_id,status) values(8,16,'NEW');
insert into reservation(movie_room_id,room_row_seat_id,status) values(8,17,'NEW');
insert into reservation(movie_room_id,room_row_seat_id,status) values(8,18,'NEW');
insert into reservation(movie_room_id,room_row_seat_id,status) values(8,19,'NEW');
insert into reservation(movie_room_id,room_row_seat_id,status) values(8,20,'NEW');
insert into reservation(movie_room_id,room_row_seat_id,status) values(8,21,'NEW');
insert into reservation(movie_room_id,room_row_seat_id,status) values(9,22,'NEW');
insert into reservation(movie_room_id,room_row_seat_id,status) values(9,23,'NEW');
insert into reservation(movie_room_id,room_row_seat_id,status) values(9,24,'NEW');
insert into reservation(movie_room_id,room_row_seat_id,status) values(9,25,'NEW');
insert into reservation(movie_room_id,room_row_seat_id,status) values(9,26,'NEW');
insert into reservation(movie_room_id,room_row_seat_id,status) values(9,27,'NEW');
